Area served (acre),Total Pipeline length (meter) ,Irrigation valves (unit),Construction year,Actual Cost ($),Actual Duration (working days),Actual Cost Variance($),Actual Duration (working days)
37,674,9,2019,27505,82,3328,2
37,750,6,2018,23257,70,2384,20
41,321,5,2021,22343,61,236,1
62,1091,10,2022,50012,77,11428,20
76,1300,12,2021,51478,82,11011,12
76,1300,12,2021,51478,82,8213,22
50,1020,9,2017,28127,76,2857,15
50,1275,12,2017,37193,81,9315,13
71,956,9,2017,36389,93,4464,22
71,960,9,2021,39785,75,4926,13
43,800,8,2017,28252,87,6620,10
43,1285,2,2021,44405,80,632,22
37,417,7,2017,20270,71,4924,0
37,961,1,2021,23443,73,2467,12
52,1393,13,2021,51966,84,5561,24
46,471,7,2022,30603,64,511,15
88,1095,6,2021,40709,99,8793,23
88,1095,15,2021,40157,78,3910,23
62,1290,13,2022,54782,82,2382,23
53,570,9,2021,32803,78,8685,5
45,992,9,2021,43190,95,8540,11
41,850,8,2021,40028,89,10754,9
56,700,9,2022,38698,83,9116,1
56,720,9,2019,30982,70,7085,21
35,377,6,2019,20463,62,1048,1
50,310,7,2022,28813,67,3129,0
28,280,5,2020,20303,60,4131,7
28,280,5,2022,24815,60,7161,16
27,477,5,2017,18683,64,4957,11
28,280,5,2022,24815,60,944,15
27,470,5,2021,27365,73,5612,15
31,774,11,2018,33681,86,2527,16
51,455,6,2021,28030,64,5336,7
100,1519,15,2019,50459,87,12915,17
100,1481,15,2021,54669,116,4052,11
79,909,12,2019,37062,74,11012,10
41,532,8,2019,23990,66,5645,16
43,544,6,2021,26666,66,5958,14
90,721,13,2022,53426,85,14950,12
39,505,8,2021,30860,75,3766,6
46,470,7,2021,27839,64,3253,14
38,530,7,2017,21077,66,1851,12
67,1150,11,2018,40723,102,5739,18
67,1150,10,2018,35809,79,4601,7
65,875,15,2017,31837,74,5042,20
74,1675,11,2021,66571,123,5942,31
54,1179,10,2021,40889,79,10741,23
70,908,10,2021,47326,92,2310,14
32,630,6,2021,34352,80,5332,8
70,119,10,2022,30879,58,7739,5
70,870,11,2017,31645,73,9277,12
32,600,6,2017,21888,67,72,13
97,1140,4,2021,48376,77,10555,4
50,870,13,2021,37266,74,7376,11
45,616,9,2021,32582,68,9535,4
58,1310,9,2018,37808,82,789,0
56,850,8,2018,30578,72,2210,6
80,1399,12,2018,43685,84,8021,7
50,600,11,2018,25590,68,3714,19
32,765,8,2018,25247,70,4389,6
27,400,7,2021,25386,63,5878,4
27,507,7,2021,27034,65,5015,13
38,1033,6,2021,35871,75,2630,19
30,655,5,2020,28120,81,7882,9
80,934,9,2021,57000,74,13171,8
77,1393,17,2021,64931,85,16215,11
45,603,6,2021,27372,67,1596,18
61,1018,12,2019,36399,76,4874,6
45,610,7,2020,29673,79,496,7
45,630,7,2020,27510,68,2732,15
63,1499,12,2020,50058,86,3858,1
53,1200,27,2020,50567,83,4219,22
53,1325,11,2020,47132,82,8578,0
28,198,5,2021,21296,58,1123,3
51,365,5,2019,19572,62,3854,4
51,359,7,2020,24663,69,1,10
51,312,7,2020,22582,61,190,8
28,327,5,2021,23283,61,2047,11
40,1040,11,2021,42988,77,7481,21
63,2015,13,2021,50433,96,12021,1
56,1832,3,2021,45896,91,3578,9
51,1730,7,2021,52600,90,8292,26
46,1390,10,2021,48035,83,10415,24
39,1135,10,2021,40676,78,157,12
40,1000,3,2021,36188,74,4802,18
25,530,4,2021,24332,65,3075,12
25,644,8,2021,27385,68,1417,17
26,462,8,2021,26481,64,2908,9
39,401,5,2021,26090,63,7500,16
30,400,5,2021,24407,63,2943,11
19,366,5,2021,23883,62,6597,6
24,482,5,2021,26347,64,3516,2
57,1178,13,2021,46829,80,2268,0
52,439,5,2021,25346,63,2861,14
34,870,10,2021,37096,73,1299,2
60,1258,11,2020,46817,81,14022,5
45,850,7,2020,30817,72,6998,8
29,330,6,2019,20648,68,462,6
26,300,5,2019,19815,67,4783,9
20,390,5,2021,22253,62,2819,12
32,251,4,2021,21705,59,6496,4
40,870,10,2021,33946,73,9519,16
34,400,4,2021,22000,62,4711,6
34,492,5,2021,25824,64,7427,17
34,468,5,2021,25454,64,3060,4
68,664,7,2021,31550,68,3913,12
24,779,4,2021,31295,70,1816,12
52,1100,13,2021,42128,78,6794,2
29,448,7,2021,28109,64,7195,9
36,750,8,2021,32503,70,2237,4
27,299,6,2021,23258,61,2307,2
47,700,6,2021,30424,69,645,3
23,795,5,2021,31647,70,5104,14
30,779,3,2021,31658,70,1683,16
26.2,588,3,2021,26488,66,4837,14
24,530,8,2018,28113,77,8398,13
38.11,707.7,9.45,2019,28330,84,3739,6
37,757.5,6.24,2018,25350,74,1111,11
42.64,327.42,5,2021,22790,65,6487,2
64.48,1123.73,10.4,2022,53513,79,14830,20
78.28,1352,12.24,2021,53022,86,15091,4
79.04,1352,12.6,2021,55081,88,1601,5
50,1030.2,9.09,2017,29253,78,3877,5
51,1300.5,12.36,2017,37193,83,3112,6
71.71,956,9.09,2017,38208,99,3163,29
73.13,960,9.27,2021,41376,78,12068,19
43.86,808,8.16,2017,29100,90,3700,10
45.15,1285,2.1,2021,47957,86,7801,19
38.11,437.85,7.35,2017,21284,73,4017,17
37.74,970.61,1,2021,25553,74,1911,19
54.08,1462.65,13.52,2021,51966,88,9980,6
47.84,485.13,7.35,2022,33052,65,1442,16
92.4,1127.85,6.12,2021,40709,104,3666,10
92.4,1105.95,15,2021,42165,79,6514,22
62.62,1290,13.26,2022,60260,86,10126,14
54.59,575.7,9.45,2021,32803,79,9452,7
46.35,1001.92,9.45,2021,45349,96,13038,8
41,850,8.24,2021,43230,93,12307,11
58.8,735,9,2022,41407,87,5035,23
57.68,720,9.09,2019,33770,71,2088,13
36.4,395.85,6.06,2019,22100,63,3411,14
51,322.4,7.21,2022,30542,72,5800,9
28.56,280,5.25,2020,21115,61,2671,2
29.4,294,5.15,2022,26552,63,6267,18
27.54,486.54,5.25,2017,20364,66,666,2
28.84,291.2,5,2022,25559,62,614,2
27.27,470,5,2021,29007,74,1982,18
31.62,781.74,11.55,2018,34018,86,585,19
53.55,477.75,6.12,2021,28871,66,8569,16
104,1519,15,2019,51468,91,9965,10
100,1540.24,15.3,2021,58496,117,6971,34
80.58,918.09,12.48,2019,39285,77,5662,19
43.05,553.28,8.16,2019,25909,68,1403,17
43.86,544,6.06,2021,28799,66,8518,15
90.9,728.21,13,2022,55029,87,2558,21
39,505,8.16,2021,30860,75,7452,3
46.92,493.5,7.35,2021,29231,68,8690,8
39.14,556.5,7.14,2017,21077,67,4551,11
68.34,1184.5,11.11,2018,43573,105,5211,14
70.35,1173,10.1,2018,36884,80,4601,8
68.25,901.25,15,2017,34703,76,586,6
76.22,1742,11.55,2021,70565,127,15091,33
54.54,1202.58,10.5,2021,41707,80,9667,3
70.7,908,10.4,2021,48273,93,2322,15
33.6,655.2,6.12,2021,37443,83,7779,11
73.5,123.76,10.3,2022,30879,60,3135,10
70,887.4,11.11,2017,33227,78,7517,1
32.96,600,6.06,2017,24077,70,6742,5
97,1197,4.16,2021,50311,79,9649,5
50,913.5,13.52,2021,37266,77,2278,22
45.9,622.16,9.45,2021,35514,70,6569,1
60.32,1336.2,9.45,2018,39699,83,4976,15
58.24,875.5,8,2018,32413,73,8213,2
81.6,1440.97,12,2018,46306,88,5211,13
52.5,606,11.22,2018,26613,71,6508,13
32.32,765,8.32,2018,25500,70,1913,14
27.81,408,7.21,2021,26401,66,361,5
27.54,522.21,7,2021,29737,67,1107,8
38,1043.33,6.12,2021,38382,78,5113,23
30.9,674.65,5.05,2020,29526,86,7874,21
84,943.34,9.27,2021,60990,78,12798,12
79.31,1393,17.17,2021,66879,91,194,16
46.35,609.03,6.3,2021,29015,72,2505,6
61.61,1058.72,12.12,2019,38583,81,9686,6
45.9,622.2,7.14,2020,32640,82,5901,1
45.9,630,7,2020,30261,71,6858,3
63,1558.96,12.12,2020,50058,92,1443,26
53,1248,27,2020,50567,84,12111,21
54.06,1351.5,11.44,2020,51374,86,7007,19
28,198,5.15,2021,21935,60,1699,11
52.02,383.25,5,2019,20159,66,1265,7
51.51,362.59,7.07,2020,27130,73,2441,6
51.51,327.6,7.35,2020,23259,65,4891,0
29.4,333.54,5.05,2021,24447,64,4967,11
40.4,1060.8,11.44,2021,47287,78,10530,11
64.26,2075.45,13.13,2021,52954,101,7543,17
58.24,1886.96,3.15,2021,47273,91,10077,2
53.04,1764.6,7,2021,55756,93,2769,26
46,1431.7,10.4,2021,49956,84,5474,10
40.95,1169.05,10,2021,42303,80,388,13
42,1010,3.15,2021,39445,75,6171,20
25.5,545.9,4.04,2021,25305,68,419,17
25.75,663.32,8.24,2021,27385,71,3309,4
27.3,462,8.32,2021,27805,68,2903,7
39.78,417.04,5.25,2021,26612,67,554,10
31.5,400,5.05,2021,25871,66,5671,16
19.38,366,5.2,2021,25316,64,3656,13
24,496.46,5.2,2021,28718,67,3946,20
57.57,1189.78,13.26,2021,51512,82,4527,0
53.04,456.56,5.05,2021,26106,65,6339,10
35.36,896.1,10.4,2021,37467,75,7987,13
60.6,1283.16,11.55,2020,50562,82,4315,23
45.45,875.5,7.35,2020,33282,75,3293,2
29,346.5,6,2019,21474,71,4457,9
26,303,5.1,2019,20608,70,2307,21
20.4,405.6,5.05,2021,22475,66,5890,5
32.96,261.04,4.04,2021,23225,63,2307,12
41.6,913.5,10.4,2021,37340,76,5293,5
34,400,4.08,2021,23980,64,1122,11
34.34,501.84,5.1,2021,25824,64,355,10
35.36,482.04,5.25,2021,26472,68,2614,6
69.36,697.2,7.28,2021,32497,73,4915,15
24.72,786.79,4.16,2021,34112,70,7636,15
52,1111,13.26,2021,42128,80,1046,22
29.29,448,7.07,2021,29515,65,6596,14
36.36,787.5,8.24,2021,34453,71,9882,10
27.54,301.99,6,2021,24421,65,1056,9
47,735,6.12,2021,30728,69,1101,3
23.92,818.85,5.1,2021,31647,73,4772,10
30.3,786.79,3.03,2021,33557,72,2712,20
27.248,588,3.12,2021,26488,66,520,3
24.72,530,8.16,2018,28113,77,7991,21
38.48,700.96,9.18,2019,28605,87,7493,10
38.48,757.5,6.3,2018,23955,71,6200,2
41.82,327.42,5,2021,23907,64,2703,6
63.86,1145.55,10.1,2022,53012,79,2981,10
77.52,1326,12.6,2021,54052,84,15324,16
77.52,1365,12.6,2021,56111,88,151,13
52,1020,9.45,2017,30378,76,7404,16
51,1338.75,12.48,2017,40913,86,584,12
73.13,965.56,9.45,2017,36389,97,1616,15
73.84,979.2,9.27,2021,40580,76,1495,21
44.72,808,8.32,2017,29947,91,8675,15
44.29,1297.85,2.06,2021,48401,82,13393,14
37.74,429.51,7.28,2017,20676,76,4843,19
38.11,989.83,1.04,2021,25788,74,5122,21
54.08,1462.65,13.52,2021,55604,90,5264,3
47.38,489.84,7.28,2022,31827,67,5053,3
92.4,1095,6,2021,44780,99,2998,30
89.76,1095,15.45,2021,42566,83,3379,11
62,1354.5,13.39,2022,58616,84,13256,18
54.06,570,9.36,2021,33459,84,4720,12
46.8,1041.6,9.09,2021,44485,97,4449,14
42.23,875.5,8.32,2021,41229,91,6397,7
58.8,728,9.36,2022,40633,89,5151,1
58.8,741.6,9.18,2019,32221,75,6849,12
35,388.31,6.3,2019,21895,64,5454,11
51,325.5,7.35,2022,31407,68,3959,3
28.56,291.2,5.25,2020,22333,61,4055,2
28,291.2,5.05,2022,27296,61,8015,5
27.27,496.08,5.25,2017,19243,64,163,13
28.56,282.8,5.15,2022,27048,64,4126,5
27.27,484.1,5.25,2021,29828,76,2042,2
31.31,804.96,11.44,2018,36376,93,4009,2
51,468.65,6.3,2021,28030,68,2780,4
100,1594.95,15,2019,55505,90,5398,21
104,1510.62,15.45,2021,56856,123,2281,25
81.37,918.09,12.48,2019,40768,78,1608,8
42.23,537.32,8.16,2019,24469,68,6590,9
44.72,560.32,6.06,2021,29066,67,1324,16
91.8,721,13.26,2022,58769,91,11477,6
40.17,510.05,8.24,2021,33329,76,8023,12
48.3,484.1,7,2021,28396,68,6339,11
38.76,556.5,7.21,2017,21920,67,5828,2
67,1161.5,11.11,2018,40723,108,6274,9
67.67,1150,10.5,2018,38316,85,10588,16
66.95,918.75,15.3,2017,33429,79,5678,5
77.7,1758.75,11.11,2021,66571,123,13556,26
55.08,1237.95,10.3,2021,42934,81,997,24
70,926.16,10,2021,49219,92,9336,28
33.28,661.5,6,2021,37787,83,2885,4
73.5,123.76,10.3,2022,32114,58,5191,15
70,878.7,11.22,2017,34493,77,5781,17
33.6,612,6.06,2017,23858,72,119,10
99.91,1185.6,4.08,2021,51762,81,2181,21
52.5,878.7,13.65,2021,40247,78,10670,2
45.45,622.16,9.27,2021,32908,73,310,9
60.9,1375.5,9.18,2018,37808,82,3020,11
57.68,884,8.4,2018,31496,73,1376,10
81.6,1399,12.6,2018,44559,84,1316,9
51,624,11.11,2018,25845,69,2903,6
32.32,795.6,8.4,2018,25500,74,6551,1
28.08,420,7.35,2021,25894,64,533,18
27.54,532.35,7.14,2021,29737,70,5476,7
39.9,1074.32,6.18,2021,39099,77,2104,1
30.9,681.2,5,2020,30932,85,7642,19
84,962.02,9.45,2021,62700,79,3936,6
80.85,1393,17.17,2021,65580,91,16988,1
46.35,621.09,6.24,2021,30109,70,8334,5
63.44,1038.36,12.48,2019,38583,78,1468,4
47.25,640.5,7.14,2020,30563,79,1574,18
47.25,630,7.07,2020,27510,71,7774,3
65.52,1513.99,12.12,2020,50559,92,11356,15
55.12,1236,28.35,2020,54613,86,4196,10
54.59,1391.25,11,2020,49017,86,6975,14
28.28,205.92,5.25,2021,22574,60,4361,2
51,379.6,5.1,2019,19767,64,3234,6
52.53,376.95,7.28,2020,27130,73,1640,11
52.53,327.6,7.07,2020,23937,62,2454,2
29.12,343.35,5.1,2021,24214,65,3626,2
42,1050.4,11.55,2021,46427,82,8947,4
64.89,2075.45,13,2021,53963,102,11472,22
58.24,1923.6,3,2021,50486,97,7465,19
52.02,1730,7.28,2021,56282,93,15056,28
47.84,1431.7,10.4,2021,52358,86,2206,16
39.39,1146.35,10.5,2021,40676,83,4841,20
40.8,1010,3.15,2021,36912,78,8028,7
25,551.2,4.08,2021,26035,70,5088,1
25.75,663.32,8.16,2021,27385,69,5136,20
27.3,466.62,8.16,2021,26746,68,1329,17
40.56,413.03,5.1,2021,27655,67,6967,12
30.3,404,5.25,2021,26847,64,6520,17
19.57,373.32,5.25,2021,24361,65,4109,10
24,491.64,5,2021,26874,64,1970,15
57.57,1189.78,13.52,2021,48702,82,11853,18
54.6,443.39,5.2,2021,26106,67,4260,8
35.7,870,10.4,2021,38580,77,2361,13
62.4,1270.58,11.44,2020,50094,81,12160,1
47.25,884,7.14,2020,32974,76,1913,8
29.58,330,6.18,2019,21474,71,5038,6
26.26,300,5,2019,19815,67,316,9
20.8,401.7,5.2,2021,22698,66,2325,16
33.6,256.02,4.08,2021,22790,60,3887,17
40.8,896.1,10.4,2021,33946,73,3346,10
35.7,404,4.16,2021,24200,64,4498,11
34.68,506.76,5.2,2021,27889,68,5300,2
35.36,477.36,5.1,2021,25454,66,2513,9
70.04,664,7,2021,33443,69,7834,5
24.24,817.95,4.04,2021,32547,71,4665,16
52.52,1133,13.26,2021,45498,79,13087,17
29.29,452.48,7.35,2021,30639,65,8652,10
37.8,757.5,8.16,2021,35103,71,3396,19
27.54,299,6,2021,24654,63,187,17
47.47,714,6.3,2021,31945,74,9017,6
23.92,802.95,5,2021,32280,73,6489,8
31.5,817.95,3.12,2021,34191,71,10010,8
26.986,611.52,3,2021,28607,71,7810,1
24.72,540.6,8,2018,28394,82,1499,21
37,687.48,9.45,2019,27505,85,7839,23
37,772.5,6.12,2018,25117,72,326,8
41.82,321,5,2021,24354,65,7265,10
63.86,1091,10.4,2022,53513,79,15136,5
76.76,1339,12.12,2021,54566,85,5563,4
79.8,1352,12,2021,55081,84,15980,6
52,1050.6,9.09,2017,29815,78,1458,23
51,1287.75,12.24,2017,37193,83,1294,8
71,956,9.09,2017,36753,94,3772,11
71,988.8,9.45,2021,42968,77,5264,19
45.15,824,8.16,2017,30512,92,7261,0
43.43,1323.55,2.1,2021,44849,85,3941,2
37.74,433.68,7.21,2017,22095,76,2175,2
38.11,999.44,1,2021,24615,78,1533,13
52.52,1420.86,13.52,2021,57163,87,2394,6
47.84,489.84,7.14,2022,33358,67,5976,15
88.88,1127.85,6.12,2021,44780,106,2035,21
88.88,1138.8,15.15,2021,43369,82,1697,12
62,1341.6,13,2022,54782,84,9834,9
53,592.8,9.09,2021,33131,83,4945,15
47.25,1041.6,9.09,2021,46213,101,10471,3
43.05,858.5,8.24,2021,44031,93,5805,5
58.24,735,9.27,2022,41020,87,8528,10
58.8,727.2,9,2019,32221,70,9595,9
36.4,380.77,6.18,2019,21691,66,2890,17
52,316.2,7.35,2022,31695,69,1512,3
28,291.2,5.2,2020,22333,63,4879,1
28.84,288.4,5.25,2022,25559,61,193,5
28.08,481.77,5,2017,20177,65,4379,18
28,285.6,5.25,2022,27048,61,1435,18
27.27,488.8,5.05,2021,27912,75,5333,16
32.24,781.74,11.44,2018,34018,87,6819,16
51.51,473.2,6.24,2021,29992,64,7200,0
105,1534.19,15.15,2019,55000,92,11544,22
103,1510.62,15.6,2021,55763,123,12839,29
82.16,918.09,12,2019,40397,78,11404,8
43.05,558.6,8.08,2019,25429,67,3216,10
43.86,560.32,6.3,2021,28266,70,4783,0
90.9,721,13.65,2022,53960,85,14257,1
40.56,505,8,2021,31477,79,8426,8
47.84,488.8,7.21,2021,27839,65,2900,11
38,545.9,7.07,2017,21499,67,3193,9
67,1150,11.55,2018,41945,104,1344,19
69.01,1184.5,10,2018,37242,81,10074,22
65.65,875,15.3,2017,35021,79,8344,20
77.7,1758.75,11.11,2021,73228,129,2552,4
55.08,1226.16,10.3,2021,43343,81,2427,3
70.7,953.4,10,2021,48746,98,271,29
33.6,648.9,6.3,2021,35726,80,4322,22
70.7,123.76,10,2022,32114,60,4334,13
70.7,904.8,11.11,2017,33860,77,1414,7
33.6,612,6.06,2017,22545,68,3540,15
101.85,1174.2,4,2021,52246,82,6472,23
51,904.8,13.26,2021,39502,79,4047,2
45,646.8,9.18,2021,35514,69,228,11
59.16,1323.1,9.18,2018,38565,87,9139,5
56.56,884,8.16,2018,33330,77,9476,7
82.4,1399,12,2018,46743,84,8897,17
51,624,11.22,2018,25845,68,7176,14
32.32,787.95,8.16,2018,27772,70,976,3
27,404,7.35,2021,26401,67,3507,5
27.81,512.07,7.35,2021,29737,70,6430,8
39.14,1074.32,6.3,2021,36230,79,10692,17
31.5,668.1,5.05,2020,30651,81,2585,17
81.6,962.02,9.09,2021,61560,79,13999,8
77,1420.86,17.68,2021,70125,90,19408,21
45,621.09,6.24,2021,28741,67,3504,9
61,1068.9,12.6,2019,39675,81,2537,19
45.9,634.4,7.28,2020,30266,83,5654,0
46.35,648.9,7.28,2020,28335,71,2009,16
64.26,1543.97,12.48,2020,53062,86,15661,23
53,1248,27,2020,53096,89,2295,25
54.59,1325,11.55,2020,49960,83,1548,19
29.4,207.9,5.15,2021,22574,62,4102,15
53.55,365,5,2019,20159,66,4913,13
53.04,373.36,7.28,2020,24910,71,2649,20
52.02,321.36,7.28,2020,24614,62,649,13
28.84,330.27,5.05,2021,24214,62,1701,13
41.6,1081.6,11.11,2021,42988,79,12603,3
63.63,2035.15,13.13,2021,50937,97,11191,22
58.24,1923.6,3,2021,49109,91,14653,19
52.02,1730,7,2021,56808,95,16931,5
47.38,1431.7,10,2021,49956,86,12150,3
39,1135,10,2021,41896,80,11995,22
41.6,1020,3.06,2021,36912,75,6105,17
25.5,530,4,2021,26035,66,5759,11
25.5,663.32,8.32,2021,29302,69,4527,14
26.26,462,8.32,2021,28335,65,2529,10
40.17,409.02,5.05,2021,28177,66,5294,7
30.9,420,5.15,2021,25871,65,6556,16
19.19,380.64,5.2,2021,24600,65,2175,18
24.24,501.28,5.1,2021,27665,68,2465,4
57,1213.34,13,2021,51512,86,2192,18
53.04,460.95,5.05,2021,26360,66,1062,10
35.02,913.5,10.4,2021,38209,76,11364,22
62.4,1258,11.11,2020,51499,82,12969,7
45.45,858.5,7.07,2020,33282,76,9740,13
29.87,346.5,6.24,2019,22300,68,5700,5
26,309,5,2019,20014,68,1912,3
20.6,405.6,5,2021,23810,62,159,17
33.28,263.55,4,2021,22790,59,5153,4
41.2,887.4,10,2021,36661,77,2303,1
34.34,408,4,2021,24200,64,833,17
34.68,506.76,5.2,2021,27631,64,170,16
35.36,472.68,5.15,2021,26727,65,290,12
68.68,664,7,2021,32812,72,9266,20
24.96,794.58,4,2021,32547,72,5303,21
52,1144,13.13,2021,44234,83,7608,5
30.16,461.44,7.35,2021,28953,67,3259,15
37.44,750,8.16,2021,35753,74,5131,21
27.54,310.96,6.06,2021,24189,65,3042,15
47.94,735,6.18,2021,32553,69,7583,18
23.92,834.75,5.05,2021,31647,74,8530,3
30.3,817.95,3.15,2021,33874,74,3022,21
27.248,588,3,2021,28872,67,2830,11
24.24,530,8.4,2018,30643,80,3109,9
38.11,680.74,9.36,2019,28605,88,5083,6
37.74,780,6.24,2018,23257,74,5821,2
42.64,324.21,5.25,2021,23460,65,6125,4
62.62,1091,10.5,2022,50012,82,6861,17
79.8,1326,12.6,2021,56626,87,14865,25
76,1300,12,2021,53022,84,7262,18
50,1020,9.27,2017,28690,81,5829,20
51,1287.75,12.12,2017,39053,82,10564,9
71.71,994.24,9.45,2017,38208,100,7798,23
71.71,1008,9.09,2021,43763,80,2218,13
44.29,800,8.32,2017,30230,90,8709,23
43.86,1285,2.1,2021,46625,81,13340,24
38.11,433.68,7.07,2017,21081,72,3992,8
38.48,1009.05,1.02,2021,24146,77,3707,11
53.04,1434.79,13.65,2021,56123,85,2649,23
47.38,494.55,7.35,2022,31827,65,782,15
88,1149.75,6,2021,41930,101,7398,13
88,1138.8,15.6,2021,40558,83,3057,25
63.86,1302.9,13.39,2022,59712,87,17300,11
55.12,592.8,9,2021,34771,80,5106,7
45.9,1021.76,9.09,2021,43621,101,6835,8
42.23,858.5,8.32,2021,43630,90,8417,4
56.56,735,9.09,2022,42568,88,2814,3
57.68,727.2,9,2019,31292,71,9314,15
35.35,388.31,6.18,2019,22100,65,3830,13
51.5,319.3,7,2022,29678,71,8088,7
29.4,282.8,5.1,2020,21318,64,3427,8
29.4,288.4,5.15,2022,26800,64,1908,14
28.08,491.31,5.05,2017,20177,67,3822,7
29.12,294,5.25,2022,25559,64,533,9
28.08,484.1,5.15,2021,29828,76,4499,17
32.55,804.96,11.44,2018,33681,86,9939,21
52.02,464.1,6.06,2021,28030,66,1507,12
103,1594.95,15.6,2019,53991,90,13347,1
105,1540.24,15.45,2021,56309,123,2480,20
82.16,945.36,12.24,2019,38915,75,9328,9
41.82,532,8.16,2019,26389,70,4949,16
43,565.76,6.06,2021,29066,70,2344,4
90.9,749.84,13.65,2022,58234,86,10276,21
40.95,525.2,8.24,2021,32094,80,4499,23
47.38,493.5,7.14,2021,28952,67,5395,10
38.38,540.6,7.28,2017,22974,67,4752,18
67.67,1173,11,2018,40723,105,1249,14
67,1207.5,10.3,2018,38316,79,1345,13
65,901.25,15.6,2017,33748,78,3748,13
74,1691.75,11,2021,69899,126,16401,3
54,1179,10.1,2021,44569,83,2521,20
70.7,917.08,10.4,2021,51112,99,352,20
32,630,6.06,2021,34352,80,6159,16
70,122.57,10.3,2022,32114,61,6788,9
72.8,870,11.55,2017,33860,78,4761,3
32.32,600,6.18,2017,24077,67,4384,10
97.97,1151.4,4.08,2021,49344,80,2944,22
52.5,870,13.65,2021,38011,75,2443,13
46.8,628.32,9.45,2021,34863,71,9479,18
60.32,1310,9.45,2018,38943,84,2633,14
56,884,8.24,2018,32107,73,2979,4
80,1454.96,12.24,2018,44122,88,1542,22
50.5,606,11.55,2018,26613,72,5941,15
32.96,795.6,8.32,2018,27520,74,5131,9
28.08,408,7.21,2021,27924,66,6366,15
27,532.35,7.35,2021,27034,66,6202,13
38.76,1084.65,6.3,2021,37665,79,5306,5
30.9,674.65,5.1,2020,30651,85,2339,9
80,952.68,9.09,2021,58140,76,1566,15
80.08,1448.72,17.34,2021,66229,87,17838,3
46.8,633.15,6.06,2021,27646,69,6346,13
63.44,1038.36,12.6,2019,40039,78,1650,22
46.8,610,7.35,2020,31750,82,5509,7
45.9,661.5,7.21,2020,28060,71,5007,16
64.89,1558.96,12.12,2020,51060,90,8220,18
54.06,1248,27.27,2020,54613,84,11726,20
53,1351.5,11.22,2020,49489,86,2295,4
28,199.98,5.15,2021,22148,60,4598,11
51.51,372.3,5.15,2019,21529,64,5296,7
52.02,366.18,7.07,2020,25157,71,964,13
53.55,312,7.35,2020,24614,62,6610,6
28,327,5.05,2021,23748,63,2201,15
40.4,1081.6,11,2021,45137,81,4998,7
64.26,2015,13.52,2021,50937,102,10479,22
57.68,1850.32,3,2021,48650,91,1484,23
53.55,1781.9,7.07,2021,54704,92,15654,22
46.46,1445.6,10.1,2021,48035,87,14333,23
39,1191.75,10.5,2021,41489,83,3892,11
40.8,1050,3.15,2021,37273,78,691,8
25.5,551.2,4.2,2021,25792,70,7619,5
25.75,656.88,8.08,2021,28207,69,5447,13
26.26,485.1,8,2021,29129,65,4108,6
40.17,405.01,5,2021,28177,65,2651,15
31.2,412,5.2,2021,25139,66,2197,5
19.95,369.66,5,2021,24839,63,4589,13
24.72,501.28,5.25,2021,27928,65,2294,2
58.14,1236.9,13.65,2021,47766,84,3971,7
52.52,452.17,5,2021,27627,65,4148,3
34.34,896.1,10,2021,37467,74,10713,13
61.8,1283.16,11.33,2020,46817,86,1222,3
47.25,867,7.21,2020,33282,74,5306,19
30.16,339.9,6.06,2019,21474,68,5318,15
26.26,312,5.25,2019,21203,72,4165,9
20.2,397.8,5.2,2021,22475,65,3508,19
32.32,253.51,4.2,2021,23008,61,2476,2
40.8,904.8,10.4,2021,34285,75,4387,17
35.36,404,4.04,2021,23320,64,3975,0
34.34,511.68,5.2,2021,27631,65,1854,0
34.68,468,5.2,2021,27745,66,5728,8
69.36,670.64,7.07,2021,34390,68,5342,2
24.96,779,4.04,2021,33486,71,1230,4
52,1100,13,2021,43392,81,1341,24
30.45,465.92,7,2021,30077,64,1934,18
36,780,8.4,2021,34128,74,6577,5
27.81,299,6.3,2021,24189,65,3776,14
49.35,728,6.24,2021,31945,71,3381,13
23.69,795,5.15,2021,33546,70,4214,7
31.2,786.79,3,2021,32924,71,8063,11
26.2,593.88,3.15,2021,28872,67,865,19
24.48,540.6,8.08,2018,28113,78,4721,1
37.74,680.74,9.36,2019,28605,87,1411,14
38.11,765,6.06,2018,24420,74,4854,5
42.64,321,5.1,2021,23907,62,687,1
62.62,1123.73,10,2022,51512,79,10734,19
76.76,1326,12,2021,53537,83,4023,21
78.28,1365,12.12,2021,56626,85,8781,5
51.5,1040.4,9,2017,30378,77,4650,12
52.5,1313.25,12.48,2017,39053,87,4950,14
71,984.68,9,2017,37117,98,10544,9
73.84,988.8,9.18,2021,42968,76,11937,20
45.15,800,8.24,2017,30795,93,7146,8
45.15,1285,2,2021,45293,82,1020,3
38.11,437.85,7.28,2017,20878,72,1029,12
38.48,999.44,1.02,2021,24146,77,2270,7
52.52,1448.72,13.13,2021,54045,89,2307,19
47.84,485.13,7.21,2022,31521,64,7559,6
89.76,1127.85,6.24,2021,42744,106,12058,4
88.88,1105.95,15.45,2021,41763,83,5682,17
62,1290,13.52,2022,58068,86,11963,20
55.12,592.8,9.09,2021,33787,80,5293,10
45.45,1001.92,9.27,2021,45349,95,3421,11
43.05,867,8.4,2021,43230,89,9965,4
56.56,728,9.18,2022,40246,86,3471,10
57.12,756,9.27,2019,32841,73,7122,22
36.75,377,6,2019,21077,66,111,9
51,310,7.21,2022,31695,68,1077,4
29.12,294,5,2020,20506,63,5506,16
28.84,280,5.15,2022,27048,62,2598,5
28.35,481.77,5.05,2017,19056,65,3990,10
29.4,282.8,5.05,2022,24815,63,4626,12
27.27,493.5,5.05,2021,29554,77,7216,15
31.93,774,11,2018,36376,89,6900,6
51.51,477.75,6.06,2021,30553,64,6104,5
100,1549.38,15.6,2019,52982,90,4711,15
105,1525.43,15.45,2021,59590,118,9885,34
79,954.45,12.24,2019,40768,78,9365,22
43.05,542.64,8.32,2019,25909,67,7104,7
44.72,544,6,2021,29066,69,3087,9
93.6,742.63,13.65,2022,58769,87,15361,7
40.56,530.25,8.4,2021,31786,77,2440,6
47.84,479.4,7,2021,28952,67,7316,4
39.14,530,7.14,2017,21288,66,917,13
69.68,1161.5,11.44,2018,43981,106,10018,31
68.34,1196,10.5,2018,38316,81,10673,9
66.3,892.5,15.15,2017,32792,78,2559,6
74,1758.75,11.33,2021,70565,124,15380,29
56.16,1190.79,10.5,2021,44160,79,2359,15
72.8,944.32,10.3,2021,52059,93,7034,23
32.96,636.3,6.12,2021,35382,80,7431,10
73.5,119,10.5,2022,32423,58,953,8
72.8,896.1,11,2017,33543,76,4710,8
33.6,630,6.18,2017,22107,69,2019,8
98.94,1162.8,4.2,2021,48860,77,11470,2
52.5,913.5,13.39,2021,38756,77,10861,15
45,634.48,9.36,2021,33234,73,1930,7
59.16,1336.2,9.09,2018,41589,82,10110,9
56,892.5,8.08,2018,33025,77,1262,10
81.6,1412.99,12.12,2018,45869,88,2484,5
51.5,630,11.22,2018,25590,70,5739,16
32,803.25,8.24,2018,25247,74,2371,9
28.08,412,7.35,2021,26655,66,7479,13
27.81,522.21,7.07,2021,27034,66,258,14
38,1033,6.24,2021,38741,80,1109,24
30,681.2,5.25,2020,28683,82,4315,22
80,971.36,9.27,2021,61560,75,1894,7
77,1448.72,17.85,2021,68177,86,16799,19
47.25,603,6.18,2021,29562,71,3527,9
61.61,1018,12.6,2019,39675,78,11355,18
45.45,628.3,7.35,2020,32047,85,5707,1
46.35,630,7.28,2020,29436,72,3607,9
66.15,1543.97,12.48,2020,53062,90,5602,17
55.65,1212,28.08,2020,55624,85,13168,8
53.53,1378,11.44,2020,51845,84,13924,21
29.4,201.96,5.1,2021,22148,62,182,7
53.55,383.25,5.1,2019,19572,64,1889,12
53.55,373.36,7.07,2020,26883,73,4038,4
53.04,315.12,7.21,2020,24163,65,3058,14
28.56,336.81,5.05,2021,25378,65,627,10
40.8,1060.8,11.11,2021,45567,79,4166,5
64.89,2035.15,13,2021,52954,100,1475,26
56,1850.32,3.06,2021,50027,95,2382,6
51.51,1799.2,7.07,2021,56282,95,3872,3
48.3,1390,10,2021,49956,89,6421,22
39,1146.35,10.2,2021,44743,78,2167,10
41.6,1010,3.09,2021,39083,75,1126,2
25.75,545.9,4.08,2021,24332,68,1851,16
25.75,644,8.24,2021,28481,69,4866,5
27.04,485.1,8,2021,27540,68,4079,14
39.78,417.04,5.05,2021,27133,63,3885,6
30,408,5.15,2021,26115,67,415,9
19.38,366,5.2,2021,26272,64,906,10
24.96,482,5.05,2021,26347,67,5662,5
57.57,1236.9,13.26,2021,50576,85,9596,5
52,443.39,5.2,2021,26106,65,1741,17
35.36,887.4,10,2021,37467,76,320,3
61.2,1308.32,11.55,2020,47753,81,2021,24
45.9,892.5,7.28,2020,33590,76,8693,18
29.87,336.6,6.3,2019,21267,70,1117,1
26.52,306,5.15,2019,20212,67,3342,1
20.6,401.7,5,2021,24256,64,4110,18
33.28,258.53,4.08,2021,23659,62,2033,4
40.8,896.1,10.2,2021,35643,75,9614,8
35.36,412,4.16,2021,22880,64,5501,9
34,516.6,5.15,2021,27373,67,1844,0
35.02,486.72,5,2021,26472,64,3255,1
70.04,697.2,7.07,2021,32497,71,6223,6
24.96,779,4.04,2021,31921,71,1709,1
54.08,1155,13.39,2021,42970,79,11477,1
30.16,470.4,7.07,2021,29515,65,1954,14
36,772.5,8.4,2021,32828,74,1931,11
27.81,304.98,6.3,2021,23491,65,4195,3
48.41,735,6,2021,33466,71,2457,0
24.15,810.9,5.1,2021,32280,71,6227,2
31.5,794.58,3.12,2021,31975,74,6685,22
26.986,599.76,3.12,2021,28077,66,5427,19
24.24,530,8.32,2018,28113,81,6370,14
37.74,680.74,9.36,2019,28605,87,4971,5
38.11,765,6.06,2018,24420,74,6667,20
42.64,321,5.1,2021,23907,62,5108,3
62.62,1123.73,10,2022,51512,79,7808,20
76.76,1326,12,2021,53537,83,5647,10
78.28,1365,12.12,2021,56626,85,4992,19
51.5,1040.4,9,2017,30378,77,8016,6
52.5,1313.25,12.48,2017,39053,87,4482,2
71,984.68,9,2017,37117,98,6169,5
73.84,988.8,9.18,2021,42968,76,3854,18
45.15,800,8.24,2017,30795,93,7326,10
45.15,1285,2,2021,45293,82,13166,15
38.11,437.85,7.28,2017,20878,72,3841,14
38.48,999.44,1.02,2021,24146,77,3001,22
52.52,1448.72,13.13,2021,54045,89,6559,6
47.84,485.13,7.21,2022,31521,64,3839,15
89.76,1127.85,6.24,2021,42744,106,6583,22
88.88,1105.95,15.45,2021,41763,83,12014,10
62,1290,13.52,2022,58068,86,2971,21
55.12,592.8,9.09,2021,33787,80,5942,19
45.45,1001.92,9.27,2021,45349,95,8819,1
43.05,867,8.4,2021,43230,89,11902,6
56.56,728,9.18,2022,40246,86,5942,8
57.12,756,9.27,2019,32841,73,2836,15
36.75,377,6,2019,21077,66,4995,6
51,310,7.21,2022,31695,68,1672,10
29.12,294,5,2020,20506,63,578,10
28.84,280,5.15,2022,27048,62,221,5
28.35,481.77,5.05,2017,19056,65,5510,16
29.4,282.8,5.05,2022,24815,63,4009,19
27.27,493.5,5.05,2021,29554,77,5193,8
31.93,774,11,2018,36376,89,10533,24
51.51,477.75,6.06,2021,30553,64,8016,5
100,1549.38,15.6,2019,52982,90,1436,21
105,1525.43,15.45,2021,59590,118,6029,17
79,954.45,12.24,2019,40768,78,11145,11
43.05,542.64,8.32,2019,25909,67,5273,11
44.72,544,6,2021,29066,69,846,13
93.6,742.63,13.65,2022,58769,87,14282,20
40.56,530.25,8.4,2021,31786,77,8372,13
47.84,479.4,7,2021,28952,67,6463,14
39.14,530,7.14,2017,21288,66,5501,15
69.68,1161.5,11.44,2018,43981,106,11970,1
68.34,1196,10.5,2018,38316,81,11017,10
66.3,892.5,15.15,2017,32792,78,9100,17
74,1758.75,11.33,2021,70565,124,9330,14
56.16,1190.79,10.5,2021,44160,79,12652,7
72.8,944.32,10.3,2021,52059,93,7974,6
32.96,636.3,6.12,2021,35382,80,9199,21
73.5,119,10.5,2022,32423,58,1374,9
72.8,896.1,11,2017,33543,76,4852,20
33.6,630,6.18,2017,22107,69,5464,13
98.94,1162.8,4.2,2021,48860,77,491,3
52.5,913.5,13.39,2021,38756,77,9872,2
45,634.48,9.36,2021,33234,73,137,17
59.16,1336.2,9.09,2018,41589,82,10087,5
56,892.5,8.08,2018,33025,77,8866,14
81.6,1412.99,12.12,2018,45869,88,7672,12
51.5,630,11.22,2018,25590,70,496,6
32,803.25,8.24,2018,25247,74,5608,21
28.08,412,7.35,2021,26655,66,953,10
27.81,522.21,7.07,2021,27034,66,496,4
38,1033,6.24,2021,38741,80,2855,17
30,681.2,5.25,2020,28683,82,6046,20
80,971.36,9.27,2021,61560,75,12983,9
77,1448.72,17.85,2021,68177,86,12769,23
47.25,603,6.18,2021,29562,71,3988,5
61.61,1018,12.6,2019,39675,78,9670,9
45.45,628.3,7.35,2020,32047,85,7366,18
46.35,630,7.28,2020,29436,72,2520,20
66.15,1543.97,12.48,2020,53062,90,10349,9
55.65,1212,28.08,2020,55624,85,14468,2
53.53,1378,11.44,2020,51845,84,3593,8
29.4,201.96,5.1,2021,22148,62,6491,15
53.55,383.25,5.1,2019,19572,64,5789,6
53.55,373.36,7.07,2020,26883,73,454,20
53.04,315.12,7.21,2020,24163,65,3557,5
28.56,336.81,5.05,2021,25378,65,5366,5
40.8,1060.8,11.11,2021,45567,79,8963,1
64.89,2035.15,13,2021,52954,100,4301,19
56,1850.32,3.06,2021,50027,95,14486,25
51.51,1799.2,7.07,2021,56282,95,4418,6
48.3,1390,10,2021,49956,89,8871,10
39,1146.35,10.2,2021,44743,78,6211,5
41.6,1010,3.09,2021,39083,75,5327,4
25.75,545.9,4.08,2021,24332,68,4303,13
25.75,644,8.24,2021,28481,69,7931,20
27.04,485.1,8,2021,27540,68,3342,6
39.78,417.04,5.05,2021,27133,63,6737,4
30,408,5.15,2021,26115,67,7143,10
19.38,366,5.2,2021,26272,64,4549,14
24.96,482,5.05,2021,26347,67,6871,9
57.57,1236.9,13.26,2021,50576,85,13434,14
52,443.39,5.2,2021,26106,65,3357,2
35.36,887.4,10,2021,37467,76,4562,2
61.2,1308.32,11.55,2020,47753,81,4336,9
45.9,892.5,7.28,2020,33590,76,2233,11
29.87,336.6,6.3,2019,21267,70,785,6
26.52,306,5.15,2019,20212,67,5361,10
20.6,401.7,5,2021,24256,64,6239,14
33.28,258.53,4.08,2021,23659,62,6061,4
40.8,896.1,10.2,2021,35643,75,6418,1
35.36,412,4.16,2021,22880,64,2701,5
34,516.6,5.15,2021,27373,67,7112,20
35.02,486.72,5,2021,26472,64,1451,11
70.04,697.2,7.07,2021,32497,71,6232,6
24.96,779,4.04,2021,31921,71,4465,4
54.08,1155,13.39,2021,42970,79,793,16
30.16,470.4,7.07,2021,29515,65,6897,3
36,772.5,8.4,2021,32828,74,2991,8
27.81,304.98,6.3,2021,23491,65,4235,18
48.41,735,6,2021,33466,71,4410,17
24.15,810.9,5.1,2021,32280,71,7832,19
31.5,794.58,3.12,2021,31975,74,929,6
26.986,599.76,3.12,2021,28077,66,1509,13
24.24,530,8.32,2018,28113,81,574,15
37.37,707.7,9.18,2019,28330,87,4604,4
37,757.5,6.18,2018,24187,74,334,20
43.05,321,5,2021,24354,63,1703,9
63.86,1123.73,10.2,2022,53012,81,15483,8
79.04,1313,12.48,2021,55596,83,814,8
79.04,1339,12.48,2021,55596,82,15202,13
52,1050.6,9.09,2017,28971,76,1397,1
50.5,1275,12.12,2017,38309,81,8578,3
71.71,975.12,9.09,2017,37481,99,4340,5
73.13,960,9.27,2021,41376,76,5316,16
45.15,800,8.08,2017,28817,92,8012,25
43.43,1349.25,2.08,2021,45293,85,10286,13
38.48,421.17,7.35,2017,22095,73,1301,10
37.37,999.44,1.02,2021,24381,77,2556,2
53.56,1448.72,13.65,2021,55604,86,6094,4
46.46,471,7.35,2022,31215,66,9075,6
88,1149.75,6.12,2021,44373,102,926,21
88,1127.85,15,2021,44172,80,4771,12
62,1328.7,13,2022,57521,84,7373,25
54.06,575.7,9.36,2021,33459,78,4785,22
46.8,1001.92,9.18,2021,44053,97,7081,12
41,850,8,2021,40828,95,4646,1
56,714,9.45,2022,39085,87,3,2
57.68,741.6,9.36,2019,34080,72,8309,3
35.35,392.08,6.06,2019,21077,65,1470,7
52,310,7.07,2022,31407,71,2426,16
29.4,291.2,5.05,2020,22130,61,6547,0
29.4,294,5.05,2022,24815,64,4558,17
28.35,486.54,5,2017,20551,65,1561,5
28.56,288.4,5.25,2022,26552,63,1355,12
27.27,493.5,5.25,2021,28186,73,7744,8
31.62,797.22,11.44,2018,36376,89,483,8
51.51,477.75,6,2021,28871,68,2139,7
100,1594.95,15.45,2019,54495,88,933,13
102,1540.24,15.3,2021,56309,120,604,21
79.79,927.18,12.48,2019,37803,77,9272,15
41.82,547.96,8.4,2019,24229,67,3517,15
45.15,554.88,6,2021,28533,67,2710,3
90.9,742.63,13.52,2022,56097,91,13907,20
40.95,525.2,8,2021,33020,77,6404,8
47.84,474.7,7.28,2021,30623,68,2539,6
39.9,535.3,7.07,2017,21920,69,1286,10
67,1150,11.22,2018,44795,106,4869,8
70.35,1161.5,10.1,2018,37958,79,115,15
67.6,910,15.75,2017,35021,76,601,8
74.74,1758.75,11.22,2021,67902,124,16408,22
56.7,1237.95,10.3,2021,43751,79,5193,20
72.8,953.4,10.4,2021,49219,93,5055,12
32,661.5,6.06,2021,35726,83,10629,7
72.8,121.38,10,2022,33041,59,2331,7
72.1,887.4,11,2017,31645,76,2394,2
32.96,600,6.18,2017,24077,70,3199,21
100.88,1174.2,4.08,2021,50795,78,4378,15
52,870,13.13,2021,37638,75,807,18
47.25,640.64,9.09,2021,33885,69,5797,13
60.9,1310,9,2018,38565,86,6365,17
56,858.5,8,2018,31802,75,561,21
82.4,1440.97,12.12,2018,44996,87,11549,5
50.5,618,11,2018,28149,71,1562,21
32.64,803.25,8.32,2018,27015,70,6767,4
28.08,420,7.21,2021,26655,67,4340,18
28.35,517.14,7.07,2021,29737,68,5697,4
39.14,1063.99,6.3,2021,39099,80,5617,20
30,681.2,5.15,2020,28964,86,2892,11
83.2,971.36,9.09,2021,58140,76,5353,13
77.77,1393,17,2021,68827,86,4914,21
46.35,603,6,2021,29288,68,6031,4
62.22,1018,12.24,2019,36399,76,9091,22
45.45,634.4,7.07,2020,30266,83,3107,4
47.25,648.9,7.07,2020,29161,71,7545,11
66.15,1558.96,12,2020,52561,88,15125,9
55.65,1212,27,2020,51579,86,652,11
53.53,1351.5,11.33,2020,47132,83,11023,14
29.12,198,5.25,2021,22574,60,3739,5
51,372.3,5.25,2019,20746,62,1026,1
53.55,369.77,7.21,2020,26636,69,1433,7
53.04,315.12,7.35,2020,22808,62,2739,3
28.56,336.81,5.15,2021,23283,63,2922,1
40,1050.4,11.44,2021,44277,81,4195,18
63.63,2015,13,2021,50433,103,8109,23
56,1850.32,3.03,2021,50486,93,9868,12
52.53,1781.9,7.35,2021,54178,96,15676,4
48.3,1445.6,10.2,2021,48035,87,4883,13
39.78,1146.35,10.3,2021,41489,83,1970,17
42,1050,3.06,2021,38721,79,1587,16
25.75,556.5,4.08,2021,25305,65,4473,19
25.5,663.32,8.16,2021,27933,68,2303,16
26.26,466.62,8.08,2021,28070,65,66,7
40.17,401,5,2021,26612,65,2831,1
31.2,420,5.05,2021,26847,64,7966,16
19,369.66,5.25,2021,26272,66,7281,19
25.2,491.64,5.15,2021,26874,66,2002,8
57,1213.34,13,2021,51512,84,2879,15
54.6,460.95,5.1,2021,27120,67,6213,8
34,913.5,10.5,2021,37467,77,1329,17
60,1270.58,11.33,2020,49158,83,13505,5
45.9,867,7.07,2020,32049,73,8268,7
29.87,336.6,6.12,2019,22506,68,1848,17
26.52,300,5.1,2019,19815,68,497,12
20,405.6,5,2021,23810,66,1241,14
33.6,261.04,4.08,2021,22356,61,4289,8
41.6,870,10.4,2021,34285,74,6162,3
34.34,400,4.2,2021,22220,63,358,10
34.34,506.76,5.05,2021,25824,64,367,17
35.02,491.4,5.25,2021,26218,67,6768,2
71.4,670.64,7.28,2021,33443,71,535,2
24.72,794.58,4,2021,34425,71,5660,7
52.52,1122,13.39,2021,43813,80,1929,14
29.58,461.44,7.07,2021,29515,65,8190,14
37.8,787.5,8.4,2021,33478,74,7513,19
27,299,6.06,2021,23258,64,2280,5
49.35,735,6.12,2021,31945,72,6487,11
23,818.85,5,2021,32280,74,8084,15
30.6,802.37,3.03,2021,33241,71,2225,17
26.986,605.64,3.15,2021,26753,70,5264,19
24.72,530,8.24,2018,28113,80,3221,10
37.37,714.44,9.45,2019,27780,85,2555,13
37.74,802.5,6,2018,23257,73,164,11
41.82,321,5.35,2021,25024,64,3395,4
65.72,1145.55,10.4,2022,56513,80,5237,5
79.04,1378,12.6,2021,51993,90,2270,13
78.28,1313,12.84,2021,55081,90,13608,21
51,1020,9.09,2017,29534,81,3761,2
50,1287.75,12.72,2017,41657,83,2139,22
71,975.12,9.09,2017,38936,95,7635,23
75.97,979.2,9.36,2021,44161,78,2502,19
43.86,824,8,2017,28535,91,2214,17
45.58,1374.95,2.08,2021,46181,82,7380,1
38.85,437.85,7.21,2017,20473,78,3028,7
38.11,1009.05,1.06,2021,23443,80,1992,2
54.08,1490.51,13.26,2021,54565,88,16067,23
47.38,485.13,7.28,2022,30909,70,782,5
92.4,1116.9,6.18,2021,45187,100,13325,12
89.76,1127.85,15.15,2021,40558,80,10446,1
65.72,1341.6,13,2022,60808,85,7696,11
53,575.7,9,2021,34443,80,3986,6
46.35,1011.84,9.27,2021,44917,100,6079,11
43.46,892.5,8.16,2021,42429,89,969,8
56.56,707,9.45,2022,39859,90,10863,14
57.12,756,9.45,2019,34390,77,9945,20
35,395.85,6,2019,22304,64,3769,17
53.5,319.3,7.14,2022,32847,69,3481,4
28.56,285.6,5.1,2020,21724,63,5650,13
29.68,294,5.25,2022,27048,61,7356,5
28.08,491.31,5.3,2017,19804,67,2831,8
29.12,285.6,5.25,2022,26800,62,1147,6
28.35,474.7,5.15,2021,31470,78,3880,15
32.55,781.74,11.11,2018,37049,86,3027,22
53.04,464.1,6.36,2021,30273,64,7641,2
100,1534.19,15.75,2019,58027,90,13974,19
104,1481,15.75,2021,57403,121,8867,25
80.58,963.54,12.36,2019,40026,75,5718,1
42.64,537.32,8.08,2019,25669,69,7125,6
46.01,576.64,6.42,2021,28266,72,1476,14
90.9,735.42,13.78,2022,60371,91,10093,4
40.56,540.35,8.24,2021,33946,77,2009,0
47.38,479.4,7.35,2021,28396,65,1153,18
39.14,567.1,7.35,2017,24239,66,106,18
70.35,1184.5,11,2018,46017,112,9497,14
68.34,1161.5,10.7,2018,36168,87,3524,3
65.65,936.25,15.6,2017,32156,81,9254,23
76.96,1725.25,11.33,2021,75225,134,622,7
54.54,1237.95,10.4,2021,45796,81,5145,24
74.2,926.16,10.7,2021,53479,100,2489,18
33.6,667.8,6.12,2021,36413,82,7199,3
70,123.76,10.5,2022,34585,62,6763,11
74.9,870,11.77,2017,31961,78,941,8
33.92,630,6,2017,24953,74,6555,17
98.94,1219.8,4.12,2021,49344,79,2334,15
52,887.4,13.52,2021,38756,81,2251,19
48.15,652.96,9,2021,34537,69,6315,3
61.48,1336.2,9.63,2018,42345,86,10620,16
57.68,858.5,8.16,2018,34554,78,6970,21
81.6,1454.96,12.84,2018,49364,92,5410,22
51.5,606,11.55,2018,28149,71,7672,5
32.96,787.95,8,2018,26510,71,5842,10
27.27,412,7.49,2021,25386,63,7465,15
28.08,532.35,7.28,2021,30278,66,2744,8
38.76,1053.66,6.06,2021,40893,77,4922,14
31.5,700.85,5.3,2020,29245,82,1117,17
84.8,971.36,9.27,2021,57570,80,5822,8
80.08,1420.86,17.85,2021,66879,87,11684,20
46.35,603,6.18,2021,31204,67,5310,3
65.27,1038.36,12.24,2019,39311,77,8949,10
47.7,622.2,7.14,2020,32047,79,5030,10
47.25,648.9,7.49,2020,29986,69,7857,16
66.15,1499,12,2020,57067,90,2115,10
54.06,1236,28.89,2020,50567,87,13127,19
56.71,1338.25,11.77,2020,48075,82,8261,7
29.12,205.92,5.2,2021,21722,60,1176,16
52.53,365,5.35,2019,20159,67,244,17
54.57,376.95,7,2020,25650,74,6376,20
54.06,318.24,7.14,2020,24388,62,6985,3
28.84,333.54,5.25,2021,23515,66,3921,3
40.8,1071.2,11.22,2021,44277,79,12783,6
63,2075.45,13,2021,52450,106,8422,20
57.12,1960.24,3.12,2021,49109,96,8980,23
54.06,1799.2,7.49,2021,59438,96,10993,1
46.46,1417.8,10.5,2021,48995,90,9626,20
39.78,1180.4,10.1,2021,42303,83,10579,12
42,1070,3.06,2021,36912,75,2244,12
25.75,567.1,4.2,2021,26522,67,4004,5
25.5,650.44,8.56,2021,31493,70,2635,19
27.04,489.72,8.56,2021,26481,69,3601,14
40.56,425.06,5.15,2021,26090,64,6478,6
31.5,428,5.25,2021,25871,63,6903,9
19.57,391.62,5,2021,26988,67,7512,7
24.72,486.82,5.15,2021,27401,68,2929,12
57,1201.56,13,2021,48702,86,10539,24
52.52,447.78,5.2,2021,28894,69,8305,20
35.7,896.1,10.2,2021,37096,76,924,18
60.6,1333.48,11.44,2020,53840,87,1248,9
45.45,850,7.21,2020,32049,76,8064,21
29.58,336.6,6.36,2019,22506,72,4610,11
27.04,315,5.15,2019,21401,68,3047,15
21,409.5,5.05,2021,23810,66,2794,18
33.28,266.06,4.16,2021,24527,61,3131,0
40.8,922.2,10.3,2021,34964,78,20,10
36.04,428,4.04,2021,23760,66,3654,0
35.36,526.44,5,2021,26340,68,2807,13
35.7,472.68,5.35,2021,27490,70,5242,18
68.68,670.64,7.07,2021,35652,71,4717,0
24,833.53,4.12,2021,33173,73,5921,9
53.56,1155,13.26,2021,46762,85,4665,6
30.16,461.44,7.42,2021,29515,68,6816,18
36,787.5,8.24,2021,36078,71,8064,17
27,313.95,6.18,2021,25817,65,6838,8
48.88,749,6.18,2021,30728,69,82,3
23.92,802.95,5.35,2021,34495,74,6965,8
30,786.79,3.09,2021,33241,74,9184,11
28.034,617.4,3,2021,27018,72,3748,9
24.96,540.6,8.56,2018,29518,84,1713,0
39.59,680.74,9.36,2019,31630,84,6635,4
39.22,765,6.24,2018,24420,74,1008,2
42.64,330.63,5.05,2021,24354,63,1574,16
65.72,1167.37,10.5,2022,50012,77,5466,2
80.56,1352,12.84,2021,57655,89,3349,10
79.04,1300,12,2021,51993,87,12099,9
52,1030.2,9.36,2017,31784,76,4100,19
53.5,1275,12.84,2017,38681,86,5020,14
71.71,1003.8,9.18,2017,39664,94,8856,9
74.55,979.2,9.36,2021,45753,77,13559,14
44.72,848,8.32,2017,31925,96,6628,20
43.43,1297.85,2.02,2021,46625,84,9309,6
38.48,433.68,7,2017,21284,71,1222,10
39.59,980.22,1.03,2021,25319,80,282,12
53.04,1462.65,13.91,2021,53525,84,29,18
48.76,475.71,7,2022,33358,65,1832,11
88,1138.8,6.06,2021,44373,109,6009,7
93.28,1127.85,15.9,2021,44172,79,6958,8
65.72,1302.9,13.65,2022,58068,90,1372,16
53,587.1,9.27,2021,35099,80,184,11
46.8,1041.6,9.63,2021,49236,96,14551,27
41,850,8.24,2021,42029,93,2204,2
56.56,700,9.63,2022,43729,85,3420,21
58.8,720,9.18,2019,31602,71,6857,19
36.4,380.77,6.36,2019,20667,68,6180,8
50.5,331.7,7,2022,30830,68,1311,9
28.84,285.6,5.1,2020,22536,64,1622,8
29.12,285.6,5.05,2022,27296,65,7833,11
28.89,496.08,5.15,2017,20925,65,1301,12
28.28,296.8,5.1,2022,27544,61,5098,14
28.62,488.8,5.3,2021,27638,81,4954,14
31.62,797.22,11.44,2018,35365,91,5957,18
53.55,459.55,6.18,2021,31674,64,732,4
106,1579.76,15.3,2019,53486,93,4070,25
100,1555.05,15.6,2021,61776,118,5928,24
83.74,954.45,12.36,2019,38173,80,10966,4
41.82,532,8,2019,26149,66,3795,19
44.72,582.08,6.36,2021,29333,73,5498,19
96.3,742.63,13.91,2022,61440,87,8438,23
41.73,530.25,8.4,2021,34254,79,8952,1
46.46,498.2,7.28,2021,31736,67,2021,10
38.76,551.2,7.49,2017,21709,71,3135,9
67.67,1219,11,2018,42352,104,9934,29
69.01,1161.5,10,2018,36168,80,2171,5
66.3,892.5,15.45,2017,33111,75,4791,8
74.74,1775.5,11.77,2021,71231,123,20233,28
56.16,1202.58,10,2021,41707,87,12038,1
73.5,935.24,10.1,2021,51112,97,601,16
33.92,667.8,6.42,2021,37100,82,10010,2
70,120.19,10.6,2022,35511,64,5790,18
74.2,896.1,11.44,2017,35126,75,7234,13
34.24,618,6.12,2017,24515,68,5085,18
98.94,1174.2,4.28,2021,48376,85,1704,22
50.5,922.2,13.78,2021,37266,78,9404,3
47.25,659.12,9.18,2021,34537,69,8477,5
59.16,1388.6,9.36,2018,41589,82,622,19
58.24,875.5,8.48,2018,31802,73,5602,3
81.6,1426.98,12.24,2018,45432,89,13376,5
53,600,11,2018,27893,71,7590,8
34.24,810.9,8.48,2018,27015,74,3338,22
28.89,412,7.14,2021,26401,69,4835,20
28.89,542.49,7.14,2021,28926,65,4847,9
38.38,1033,6.18,2021,38023,75,10369,14
30.9,674.65,5.25,2020,29526,86,3336,15
82.4,962.02,9.09,2021,58710,75,1943,21
77.77,1393,18.19,2021,68827,86,2489,19
46.35,609.03,6.42,2021,29288,68,4835,9
65.27,1048.54,12.12,2019,36763,77,2648,0
47.7,616.1,7.07,2020,34124,79,8590,2
46.8,636.3,7.49,2020,29161,71,6256,7
66.15,1603.93,12.6,2020,53562,90,14362,18
55.65,1200,28.35,2020,57141,91,16930,2
54.59,1378,11.77,2020,54202,84,2258,8
28,203.94,5.35,2021,24064,58,4785,1
53.04,383.25,5.35,2019,21724,64,2090,18
52.02,362.59,7.35,2020,26636,75,4222,12
54.57,330.72,7.49,2020,24614,62,2188,3
28.56,346.62,5.2,2021,23748,67,5140,1
40.4,1092,11.55,2021,43848,80,13026,24
66.78,2055.3,13.65,2021,55476,101,9588,9
59.36,1868.64,3.15,2021,50027,91,7274,13
51.51,1799.2,7.28,2021,53126,94,10152,16
49.22,1487.3,10.2,2021,48035,89,6894,5
39.78,1214.45,10.1,2021,43930,86,12697,17
40,1000,3.21,2021,39083,79,972,6
25,535.3,4.24,2021,26035,70,4045,0
26.5,682.64,8.08,2021,30946,72,5400,19
26.26,480.48,8.24,2021,27540,67,5038,15
39.78,417.04,5.25,2021,28177,68,2668,3
31.5,416,5.15,2021,26603,69,4856,17
20.33,366,5.1,2021,24122,67,5712,17
24.72,501.28,5.2,2021,28455,70,6413,3
60.99,1225.12,13.65,2021,48702,81,10678,0
53.04,443.39,5.35,2021,28894,67,1703,15
35.7,870,10.1,2021,40435,76,4421,21
64.2,1320.9,11.44,2020,51499,85,1345,25
46.8,884,7.07,2020,32049,74,7310,12
29,333.3,6.3,2019,20648,69,3242,12
27.82,321,5.2,2019,22391,73,337,19
21.2,417.3,5.2,2021,22475,62,2655,4
32,268.57,4.24,2021,24093,63,5375,19
42.4,896.1,10.6,2021,33946,77,6773,11
35.36,412,4.12,2021,24860,68,1486,10
35.36,496.92,5.05,2021,27889,65,3017,2
34.68,477.36,5.35,2021,26981,70,326,15
71.4,697.2,7.21,2021,34390,75,6048,14
25.44,810.16,4.2,2021,31608,75,7004,18
54.08,1166,13.91,2021,44655,81,6638,6
29.58,452.48,7.14,2021,32326,67,7853,16
36.72,802.5,8.16,2021,35103,76,10489,18
28.08,310.96,6,2021,23956,63,870,4
48.88,700,6.12,2021,34379,69,8006,0
23.46,802.95,5.2,2021,31963,73,2508,2
30.9,779,3.12,2021,31658,75,8599,12
27.248,611.52,3.21,2021,28342,68,3639,19
25.44,561.8,8.32,2018,31767,83,4294,2
39.59,680.74,9.09,2019,27505,84,7609,1
38.48,757.5,6.24,2018,23489,73,5773,19
43.87,337.05,5.25,2021,23013,66,3230,1
63.86,1112.82,10.6,2022,51512,79,6126,20
76.76,1313,12.84,2021,58685,83,352,6
79.8,1365,12.48,2021,56111,90,1057,12
51.5,1030.2,9.18,2017,30378,82,1530,7
51,1338.75,12,2017,37937,85,1699,18
71,1003.8,9.63,2017,41483,102,4027,28
71,979.2,9,2021,40183,77,11719,3
43,832,8.56,2017,31360,87,73,16
44.29,1362.1,2.02,2021,45293,80,2010,22
38.85,417,7,2017,21892,74,2204,21
39.22,989.83,1.07,2021,25319,76,815,23
52.52,1490.51,13,2021,59241,86,2757,3
48.3,499.26,7.21,2022,31827,66,5954,16
90.64,1138.8,6.36,2021,41930,108,6009,13
88.88,1138.8,15.45,2021,41362,84,7060,6
62.62,1328.7,13.78,2022,62999,83,4455,15
56.18,598.5,9.54,2021,36411,82,8233,16
45.45,1031.68,9.36,2021,45781,101,9349,28
43.87,901,8.32,2021,45231,93,9522,5
58.8,721,9.36,2022,39472,89,2612,3
58.24,720,9.18,2019,34080,75,5289,22
35,377,6.36,2019,22304,62,36,7
52.5,316.2,7,2022,29966,72,8474,17
28.56,280,5.3,2020,23348,62,496,17
29.12,296.8,5.05,2022,26055,65,691,6
28.62,500.85,5.35,2017,18683,67,5110,7
28.56,280,5.35,2022,25063,63,3508,6
28.89,470,5.25,2021,31196,77,1898,16
31.31,820.44,11.22,2018,36039,93,1023,7
53.55,486.85,6,2021,28591,68,29,15
105,1564.57,15.15,2019,53486,94,13086,12
106,1584.67,16.05,2021,59590,116,748,8
82.16,954.45,12.48,2019,40397,77,5233,3
41.82,547.96,8.24,2019,24949,67,1791,11
44.72,571.2,6.36,2021,29599,69,8534,6
93.6,735.42,13.52,2022,55029,85,15955,23
40.95,515.1,8.48,2021,30860,76,2146,4
48.76,479.4,7.21,2021,27839,69,3670,8
40.28,561.8,7.28,2017,22131,69,6138,7
67,1207.5,11.44,2018,46017,110,7877,25
71.69,1184.5,10.3,2018,41181,83,6069,1
66.3,927.5,15.75,2017,32474,81,689,5
76.22,1675,11.77,2021,73894,131,48,28
55.08,1237.95,10.5,2021,44160,86,2011,25
72.8,953.4,10.5,2021,54425,100,10186,1
33.6,655.2,6.36,2021,36413,86,8288,10
70,119,10.3,2022,32732,60,966,3
70,870,11,2017,34176,80,3384,8
32.64,636,6.36,2017,24515,72,595,11
97.97,1185.6,4,2021,48860,81,7351,5
50,878.7,13.52,2021,37638,78,1370,2
46.8,622.16,9.54,2021,32908,69,2004,20
59.74,1401.7,9.36,2018,40077,84,9563,4
57.68,909.5,8.08,2018,30578,73,6576,13
81.6,1412.99,12.12,2018,44122,87,5841,1
50,612,11.77,2018,27125,69,2266,17
32.32,772.65,8.4,2018,27772,74,7265,8
28.08,412,7,2021,25894,67,4183,16
27,537.42,7.35,2021,27034,68,5570,1
38,1033,6.24,2021,40893,82,9738,13
30.6,681.2,5.15,2020,28964,84,5431,2
83.2,980.7,9.09,2021,63270,77,1133,23
77.77,1434.79,17,2021,70775,87,11521,16
46.8,615.06,6.12,2021,27372,70,6203,2
64.66,1028.18,12.24,2019,40039,78,6889,3
46.8,628.3,7.35,2020,33234,86,2914,3
47.7,655.2,7.07,2020,28611,73,7507,4
65.52,1558.96,12,2020,52561,89,5722,5
55.65,1236,27.81,2020,53601,84,8307,12
54.59,1404.5,11.22,2020,52316,89,8513,26
29.96,209.88,5.35,2021,21296,64,456,12
54.06,379.6,5.15,2019,20942,63,4825,8
53.04,369.77,7.42,2020,24663,71,3532,0
52.53,321.36,7.07,2020,24163,61,4921,2
29.12,330.27,5.35,2021,24680,62,2228,5
42,1081.6,11.22,2021,45137,83,10587,14
63,2035.15,13.65,2021,52954,99,4528,19
58.8,1905.28,3.12,2021,52322,97,13382,10
52.02,1730,7.42,2021,57334,93,7804,5
47.84,1445.6,10.3,2021,50437,84,8081,12
39.78,1169.05,10.3,2021,43116,83,6799,3
41.6,1020,3.03,2021,36912,78,6037,8
25,530,4.2,2021,26278,66,6001,3
26.75,656.88,8.48,2021,30124,68,3349,17
27.82,480.48,8.48,2021,29394,65,3750,11
40.17,413.03,5,2021,26872,69,442,1
31.8,416,5.25,2021,27580,63,3432,7
19,373.32,5.3,2021,25794,65,963,4
25.2,515.74,5.15,2021,27928,64,1132,15
59.85,1213.34,13.78,2021,51044,86,9671,5
54.08,460.95,5.1,2021,25853,64,6846,14
36.38,904.8,10.1,2021,41548,80,1566,20
63.6,1320.9,11.66,2020,52903,87,3742,13
47.7,850,7,2020,32974,77,3842,3
29.58,330,6.06,2019,20648,73,2426,17
26.26,300,5.05,2019,22391,74,5117,19
21.2,413.4,5.25,2021,24478,68,3631,10
32.96,258.53,4.28,2021,23225,64,1077,4
41.6,887.4,10.7,2021,34964,77,8317,23
34.68,428,4.08,2021,23320,66,4499,4
34,506.76,5.05,2021,27631,68,2815,12
35.7,468,5.35,2021,27236,67,3079,18
72.08,690.56,7.14,2021,35336,71,5929,18
24,794.58,4.24,2021,32547,76,3956,19
53.56,1144,13.13,2021,44655,78,1570,22
29.58,456.96,7.07,2021,28672,67,1085,7
36,780,8.56,2021,36403,76,8361,5
27.81,304.98,6.3,2021,24189,66,2515,12
49.35,728,6.18,2021,31641,75,4485,20
24.61,850.65,5.35,2021,32280,73,1887,8
31.2,810.16,3.15,2021,34507,77,8822,22
26.2,617.4,3.12,2021,27812,70,7651,2
24.24,530,8.48,2018,28394,83,3988,18
